date,sales,weekday
2015-01-01,376,3
2015-01-02,371,4
2015-01-03,488,5
2015-01-04,293,6
2015-01-05,491,0
2015-01-06,426,1
2015-01-07,432,2
2015-01-08,671,3
2015-01-09,331,4
2015-01-10,567,5
2015-01-11,323,6
2015-01-12,559,0
2015-01-13,428,1
2015-01-14,516,2
2015-01-15,549,3
2015-01-16,431,4
2015-01-17,518,5
2015-01-18,500,6
2015-01-19,389,0
2015-01-20,457,1
2015-01-21,573,2
2015-01-22,564,3
2015-01-23,546,4
2015-01-24,354,5
2015-01-25,600,6
2015-01-26,542,0
2015-01-27,481,1
2015-01-28,624,2
2015-01-29,537,3
2015-01-30,584,4
2015-01-31,537,5
2015-02-01,533,6
2015-02-02,610,0
2015-02-03,304,1
2015-02-04,396,2
2015-02-05,473,3
2015-02-06,509,4
2015-02-07,336,5
2015-02-08,548,6
2015-02-09,390,0
2015-02-10,367,1
2015-02-11,523,2
2015-02-12,680,3
2015-02-13,495,4
2015-02-14,532,5
2015-02-15,432,6
2015-02-16,563,0
2015-02-17,643,1
2015-02-18,593,2
2015-02-19,459,3
2015-02-20,403,4
2015-02-21,342,5
2015-02-22,680,6
2015-02-23,528,0
2015-02-24,471,1
2015-02-25,538,2
2015-02-26,433,3
2015-02-27,467,4
2015-02-28,421,5
2015-03-01,303,6
2015-03-02,511,0
2015-03-03,312,1
2015-03-04,338,2
2015-03-05,576,3
2015-03-06,531,4
2015-03-07,431,5
2015-03-08,506,6
2015-03-09,427,0
2015-03-10,568,1
2015-03-11,413,2
2015-03-12,601,3
2015-03-13,601,4
2015-03-14,482,5
2015-03-15,613,6
2015-03-16,565,0
2015-03-17,506,1
2015-03-18,433,2
2015-03-19,569,3
2015-03-20,470,4
2015-03-21,500,5
2015-03-22,471,6
2015-03-23,540,0
2015-03-24,305,1
2015-03-25,399,2
2015-03-26,345,3
2015-03-27,514,4
2015-03-28,416,5
2015-03-29,563,6
2015-03-30,498,0
2015-03-31,483,1
2015-04-01,505,2
2015-04-02,468,3
2015-04-03,583,4
2015-04-04,392,5
2015-04-05,546,6
2015-04-06,615,0
2015-04-07,536,1
2015-04-08,475,2
2015-04-09,530,3
2015-04-10,295,4
2015-04-11,616,5
2015-04-12,505,6
2015-04-13,374,0
2015-04-14,661,1
2015-04-15,483,2
2015-04-16,534,3
2015-04-17,367,4
2015-04-18,569,5
2015-04-19,404,6
2015-04-20,484,0
2015-04-21,337,1
2015-04-22,326,2
2015-04-23,541,3
2015-04-24,554,4
2015-04-25,275,5
2015-04-26,473,6
2015-04-27,603,0
2015-04-28,304,1
2015-04-29,541,2
2015-04-30,531,3
2015-05-01,448,4
2015-05-02,582,5
2015-05-03,667,6
2015-05-04,667,0
2015-05-05,484,1
2015-05-06,326,2
2015-05-07,622,3
2015-05-08,515,4
2015-05-09,645,5
2015-05-10,561,6
2015-05-11,628,0
2015-05-12,483,1
2015-05-13,456,2
2015-05-14,621,3
2015-05-15,543,4
2015-05-16,611,5
2015-05-17,568,6
2015-05-18,583,0
2015-05-19,526,1
2015-05-20,446,2
2015-05-21,593,3
2015-05-22,448,4
2015-05-23,369,5
2015-05-24,436,6
2015-05-25,553,0
2015-05-26,495,1
2015-05-27,489,2
2015-05-28,618,3
2015-05-29,563,4
2015-05-30,444,5
2015-05-31,586,6
2015-06-01,354,0
2015-06-02,567,1
2015-06-03,366,2
2015-06-04,627,3
2015-06-05,375,4
2015-06-06,593,5
2015-06-07,575,6
2015-06-08,423,0
2015-06-09,511,1
2015-06-10,661,2
2015-06-11,515,3
2015-06-12,519,4
2015-06-13,511,5
2015-06-14,472,6
2015-06-15,465,0
2015-06-16,553,1
2015-06-17,332,2
2015-06-18,326,3
2015-06-19,371,4
2015-06-20,582,5
2015-06-21,427,6
2015-06-22,381,0
2015-06-23,477,1
2015-06-24,472,2
2015-06-25,612,3
2015-06-26,662,4
2015-06-27,402,5
2015-06-28,513,6
2015-06-29,504,0
2015-06-30,274,1
2015-07-01,631,2
2015-07-02,290,3
2015-07-03,774,4
2015-07-04,454,5
2015-07-05,366,6
2015-07-06,493,0
2015-07-07,508,1
2015-07-08,523,2
2015-07-09,550,3
2015-07-10,425,4
2015-07-11,466,5
2015-07-12,405,6
2015-07-13,513,0
2015-07-14,468,1
2015-07-15,382,2
2015-07-16,610,3
2015-07-17,601,4
2015-07-18,474,5
2015-07-19,646,6
2015-07-20,217,0
2015-07-21,437,1
2015-07-22,665,2
2015-07-23,525,3
2015-07-24,459,4
2015-07-25,539,5
2015-07-26,680,6
2015-07-27,718,0
2015-07-28,475,1
2015-07-29,454,2
2015-07-30,533,3
2015-07-31,562,4
2015-08-01,493,5
2015-08-02,465,6
2015-08-03,592,0
2015-08-04,340,1
2015-08-05,504,2
2015-08-06,466,3
2015-08-07,423,4
2015-08-08,474,5
2015-08-09,420,6
2015-08-10,559,0
2015-08-11,592,1
2015-08-12,579,2
2015-08-13,464,3
2015-08-14,387,4
2015-08-15,367,5
2015-08-16,560,6
2015-08-17,629,0
2015-08-18,405,1
2015-08-19,614,2
2015-08-20,492,3
2015-08-21,355,4
2015-08-22,475,5
2015-08-23,562,6
2015-08-24,470,0
2015-08-25,449,1
2015-08-26,359,2
2015-08-27,517,3
2015-08-28,418,4
2015-08-29,586,5
2015-08-30,580,6
2015-08-31,446,0
2015-09-01,622,1
2015-09-02,643,2
2015-09-03,613,3
2015-09-04,811,4
2015-09-05,578,5
2015-09-06,500,6
2015-09-07,472,0
2015-09-08,296,1
2015-09-09,404,2
2015-09-10,708,3
2015-09-11,255,4
2015-09-12,613,5
2015-09-13,506,6
2015-09-14,704,0
2015-09-15,392,1
2015-09-16,516,2
2015-09-17,382,3
2015-09-18,770,4
2015-09-19,487,5
2015-09-20,435,6
2015-09-21,681,0
2015-09-22,583,1
2015-09-23,655,2
2015-09-24,594,3
2015-09-25,623,4
2015-09-26,612,5
2015-09-27,410,6
2015-09-28,289,0
2015-09-29,507,1
2015-09-30,445,2
2015-10-01,471,3
2015-10-02,507,4
2015-10-03,405,5
2015-10-04,478,6
2015-10-05,426,0
2015-10-06,482,1
2015-10-07,488,2
2015-10-08,520,3
2015-10-09,407,4
2015-10-10,474,5
2015-10-11,563,6
2015-10-12,433,0
2015-10-13,471,1
2015-10-14,434,2
2015-10-15,479,3
2015-10-16,510,4
2015-10-17,255,5
2015-10-18,545,6
2015-10-19,433,0
2015-10-20,685,1
2015-10-21,527,2
2015-10-22,517,3
2015-10-23,553,4
2015-10-24,600,5
2015-10-25,379,6
2015-10-26,457,0
2015-10-27,554,1
2015-10-28,526,2
2015-10-29,549,3
2015-10-30,491,4
2015-10-31,626,5
2015-11-01,389,6
2015-11-02,720,0
2015-11-03,500,1
2015-11-04,578,2
2015-11-05,743,3
2015-11-06,602,4
2015-11-07,467,5
2015-11-08,391,6
2015-11-09,331,0
2015-11-10,615,1
2015-11-11,472,2
2015-11-12,536,3
2015-11-13,397,4
2015-11-14,376,5
2015-11-15,512,6
2015-11-16,505,0
2015-11-17,540,1
2015-11-18,583,2
2015-11-19,431,3
2015-11-20,692,4
2015-11-21,544,5
2015-11-22,525,6
2015-11-23,481,0
2015-11-24,589,1
2015-11-25,628,2
2015-11-26,533,3
2015-11-27,639,4
2015-11-28,507,5
2015-11-29,459,6
2015-11-30,487,0
2015-12-01,541,1
2015-12-02,437,2
2015-12-03,514,3
2015-12-04,570,4
2015-12-05,474,5
2015-12-06,491,6
2015-12-07,526,0
2015-12-08,462,1
2015-12-09,387,2
2015-12-10,439,3
2015-12-11,425,4
2015-12-12,631,5
2015-12-13,525,6
2015-12-14,490,0
2015-12-15,456,1
2015-12-16,411,2
2015-12-17,485,3
2015-12-18,726,4
2015-12-19,593,5
2015-12-20,540,6
2015-12-21,559,0
2015-12-22,438,1
2015-12-23,488,2
2015-12-24,620,3
2015-12-25,454,4
2015-12-26,723,5
2015-12-27,561,6
2015-12-28,344,0
2015-12-29,522,1
2015-12-30,537,2
2015-12-31,583,3
2016-01-01,454,4
2016-01-02,572,5
2016-01-03,489,6
2016-01-04,441,0
2016-01-05,554,1
2016-01-06,552,2
2016-01-07,541,3
2016-01-08,445,4
2016-01-09,502,5
2016-01-10,483,6
2016-01-11,421,0
2016-01-12,467,1
2016-01-13,595,2
2016-01-14,640,3
2016-01-15,420,4
2016-01-16,427,5
2016-01-17,443,6
2016-01-18,558,0
2016-01-19,462,1
2016-01-20,365,2
2016-01-21,351,3
2016-01-22,571,4
2016-01-23,552,5
2016-01-24,371,6
2016-01-25,617,0
2016-01-26,600,1
2016-01-27,446,2
2016-01-28,588,3
2016-01-29,649,4
2016-01-30,480,5
2016-01-31,557,6
2016-02-01,676,0
2016-02-02,522,1
2016-02-03,580,2
2016-02-04,307,3
2016-02-05,296,4
2016-02-06,611,5
2016-02-07,368,6
2016-02-08,317,0
2016-02-09,156,1
2016-02-10,374,2
2016-02-11,532,3
2016-02-12,600,4
2016-02-13,703,5
2016-02-14,471,6
2016-02-15,510,0
2016-02-16,327,1
2016-02-17,417,2
2016-02-18,543,3
2016-02-19,308,4
2016-02-20,677,5
2016-02-21,422,6
2016-02-22,513,0
2016-02-23,235,1
2016-02-24,492,2
2016-02-25,569,3
2016-02-26,706,4
2016-02-27,506,5
2016-02-28,795,6
2016-02-29,539,0
2016-03-01,558,1
2016-03-02,484,2
2016-03-03,614,3
2016-03-04,371,4
2016-03-05,495,5
2016-03-06,694,6
2016-03-07,596,0
2016-03-08,478,1
2016-03-09,483,2
2016-03-10,517,3
2016-03-11,474,4
2016-03-12,531,5
2016-03-13,495,6
2016-03-14,583,0
2016-03-15,523,1
2016-03-16,269,2
2016-03-17,487,3
2016-03-18,508,4
2016-03-19,570,5
2016-03-20,590,6
2016-03-21,483,0
2016-03-22,598,1
2016-03-23,565,2
2016-03-24,577,3
2016-03-25,483,4
2016-03-26,525,5
2016-03-27,260,6
2016-03-28,568,0
2016-03-29,559,1
2016-03-30,537,2
2016-03-31,494,3
2016-04-01,412,4
2016-04-02,378,5
2016-04-03,489,6
2016-04-04,577,0
2016-04-05,462,1
2016-04-06,557,2
2016-04-07,467,3
2016-04-08,358,4
2016-04-09,362,5
2016-04-10,352,6
2016-04-11,417,0
2016-04-12,495,1
2016-04-13,525,2
2016-04-14,447,3
2016-04-15,655,4
2016-04-16,347,5
2016-04-17,552,6
2016-04-18,448,0
2016-04-19,597,1
2016-04-20,420,2
2016-04-21,529,3
2016-04-22,611,4
2016-04-23,567,5
2016-04-24,561,6
2016-04-25,604,0
2016-04-26,349,1
2016-04-27,483,2
2016-04-28,614,3
2016-04-29,548,4
2016-04-30,466,5
2016-05-01,616,6
2016-05-02,629,0
2016-05-03,529,1
2016-05-04,538,2
2016-05-05,477,3
2016-05-06,628,4
2016-05-07,551,5
2016-05-08,319,6
2016-05-09,432,0
2016-05-10,504,1
2016-05-11,362,2
2016-05-12,380,3
2016-05-13,665,4
2016-05-14,517,5
2016-05-15,734,6
2016-05-16,572,0
2016-05-17,440,1
2016-05-18,479,2
2016-05-19,518,3
2016-05-20,401,4
2016-05-21,457,5
2016-05-22,472,6
2016-05-23,386,0
2016-05-24,515,1
2016-05-25,582,2
2016-05-26,541,3
2016-05-27,479,4
2016-05-28,522,5
2016-05-29,413,6
2016-05-30,495,0
2016-05-31,417,1
2016-06-01,438,2
2016-06-02,563,3
2016-06-03,347,4
2016-06-04,649,5
2016-06-05,468,6
2016-06-06,518,0
2016-06-07,509,1
2016-06-08,504,2
2016-06-09,532,3
2016-06-10,444,4
2016-06-11,509,5
2016-06-12,426,6
2016-06-13,691,0
2016-06-14,522,1
2016-06-15,454,2
2016-06-16,565,3
2016-06-17,611,4
2016-06-18,512,5
2016-06-19,600,6
2016-06-20,448,0
2016-06-21,483,1
2016-06-22,560,2
2016-06-23,439,3
2016-06-24,359,4
2016-06-25,674,5
2016-06-26,575,6
2016-06-27,480,0
2016-06-28,497,1
2016-06-29,547,2
2016-06-30,503,3
2016-07-01,314,4
2016-07-02,495,5
2016-07-03,347,6
2016-07-04,555,0
2016-07-05,697,1
2016-07-06,569,2
2016-07-07,628,3
2016-07-08,629,4
2016-07-09,348,5
2016-07-10,520,6
2016-07-11,373,0
2016-07-12,604,1
2016-07-13,380,2
2016-07-14,692,3
2016-07-15,429,4
2016-07-16,555,5
2016-07-17,477,6
2016-07-18,558,0
2016-07-19,417,1
2016-07-20,369,2
2016-07-21,450,3
2016-07-22,500,4
2016-07-23,372,5
2016-07-24,476,6
2016-07-25,662,0
2016-07-26,426,1
2016-07-27,325,2
2016-07-28,527,3
2016-07-29,487,4
2016-07-30,554,5
2016-07-31,510,6
2016-08-01,461,0
2016-08-02,495,1
2016-08-03,508,2
2016-08-04,559,3
2016-08-05,531,4
2016-08-06,485,5
2016-08-07,335,6
2016-08-08,679,0
2016-08-09,548,1
2016-08-10,420,2
2016-08-11,540,3
2016-08-12,413,4
2016-08-13,541,5
2016-08-14,283,6
2016-08-15,591,0
2016-08-16,485,1
2016-08-17,501,2
2016-08-18,439,3
2016-08-19,280,4
2016-08-20,591,5
2016-08-21,531,6
2016-08-22,427,0
2016-08-23,614,1
2016-08-24,672,2
2016-08-25,418,3
2016-08-26,409,4
2016-08-27,503,5
2016-08-28,447,6
2016-08-29,501,0
2016-08-30,490,1
2016-08-31,413,2
2016-09-01,565,3
2016-09-02,488,4
2016-09-03,527,5
2016-09-04,476,6
2016-09-05,463,0
2016-09-06,550,1
2016-09-07,490,2
2016-09-08,500,3
2016-09-09,661,4
2016-09-10,578,5
2016-09-11,481,6
2016-09-12,429,0
2016-09-13,566,1
2016-09-14,441,2
2016-09-15,633,3
2016-09-16,697,4
2016-09-17,351,5
2016-09-18,431,6
2016-09-19,553,0
2016-09-20,640,1
2016-09-21,376,2
2016-09-22,535,3
2016-09-23,428,4
2016-09-24,393,5
2016-09-25,342,6
2016-09-26,489,0
2016-09-27,597,1
2016-09-28,516,2
2016-09-29,635,3
2016-09-30,484,4
2016-10-01,567,5
2016-10-02,494,6
2016-10-03,559,0
2016-10-04,482,1
2016-10-05,609,2
2016-10-06,454,3
2016-10-07,736,4
2016-10-08,211,5
2016-10-09,465,6
2016-10-10,416,0
2016-10-11,458,1
2016-10-12,641,2
2016-10-13,550,3
2016-10-14,639,4
2016-10-15,426,5
2016-10-16,472,6
2016-10-17,596,0
2016-10-18,466,1
2016-10-19,531,2
2016-10-20,447,3
2016-10-21,535,4
2016-10-22,428,5
2016-10-23,442,6
2016-10-24,467,0
2016-10-25,429,1
2016-10-26,339,2
2016-10-27,301,3
2016-10-28,559,4
2016-10-29,674,5
2016-10-30,349,6
2016-10-31,571,0
2016-11-01,622,1
2016-11-02,494,2
2016-11-03,365,3
2016-11-04,575,4
2016-11-05,443,5
2016-11-06,514,6
2016-11-07,673,0
2016-11-08,645,1
2016-11-09,644,2
2016-11-10,666,3
2016-11-11,457,4
2016-11-12,300,5
2016-11-13,387,6
2016-11-14,569,0
2016-11-15,505,1
2016-11-16,329,2
2016-11-17,618,3
2016-11-18,356,4
2016-11-19,586,5
2016-11-20,413,6
2016-11-21,554,0
2016-11-22,412,1
2016-11-23,403,2
2016-11-24,399,3
2016-11-25,645,4
2016-11-26,603,5
2016-11-27,503,6
2016-11-28,440,0
2016-11-29,190,1
2016-11-30,394,2
2016-12-01,486,3
2016-12-02,560,4
2016-12-03,427,5
2016-12-04,377,6
2016-12-05,242,0
2016-12-06,534,1
2016-12-07,356,2
2016-12-08,627,3
2016-12-09,510,4
2016-12-10,602,5
2016-12-11,599,6
2016-12-12,375,0
2016-12-13,507,1
2016-12-14,607,2
2016-12-15,333,3
2016-12-16,544,4
2016-12-17,368,5
2016-12-18,695,6
2016-12-19,438,0
2016-12-20,625,1
2016-12-21,567,2
2016-12-22,472,3
2016-12-23,431,4
2016-12-24,436,5
2016-12-25,419,6
2016-12-26,376,0
2016-12-27,699,1
2016-12-28,276,2
2016-12-29,527,3
2016-12-30,500,4
2016-12-31,235,5
2017-01-01,471,6
2017-01-02,713,0
2017-01-03,511,1
2017-01-04,618,2
2017-01-05,626,3
2017-01-06,334,4
2017-01-07,655,5
2017-01-08,624,6
2017-01-09,435,0
2017-01-10,451,1
2017-01-11,368,2
2017-01-12,528,3
2017-01-13,543,4
2017-01-14,603,5
2017-01-15,422,6
2017-01-16,394,0
2017-01-17,629,1
2017-01-18,458,2
2017-01-19,415,3
2017-01-20,420,4
2017-01-21,648,5
2017-01-22,500,6
2017-01-23,515,0
2017-01-24,394,1
2017-01-25,554,2
2017-01-26,583,3
2017-01-27,434,4
2017-01-28,556,5
2017-01-29,617,6
2017-01-30,607,0
2017-01-31,610,1
2017-02-01,702,2
2017-02-02,451,3
2017-02-03,482,4
2017-02-04,468,5
2017-02-05,399,6
2017-02-06,518,0
2017-02-07,490,1
2017-02-08,752,2
2017-02-09,391,3
2017-02-10,235,4
2017-02-11,621,5
2017-02-12,610,6
2017-02-13,393,0
2017-02-14,601,1
2017-02-15,358,2
2017-02-16,532,3
2017-02-17,326,4
2017-02-18,408,5
2017-02-19,285,6
2017-02-20,550,0
2017-02-21,481,1
2017-02-22,671,2
2017-02-23,388,3
2017-02-24,757,4
2017-02-25,516,5
2017-02-26,287,6
2017-02-27,564,0
2017-02-28,675,1
2017-03-01,450,2
2017-03-02,470,3
2017-03-03,437,4
2017-03-04,452,5
2017-03-05,532,6
2017-03-06,536,0
2017-03-07,416,1
2017-03-08,499,2
2017-03-09,446,3
2017-03-10,514,4
2017-03-11,437,5
2017-03-12,527,6
2017-03-13,632,0
2017-03-14,574,1
2017-03-15,437,2
2017-03-16,570,3
2017-03-17,493,4
2017-03-18,524,5
2017-03-19,470,6
2017-03-20,491,0
2017-03-21,409,1
2017-03-22,441,2
2017-03-23,330,3
2017-03-24,357,4
2017-03-25,532,5
2017-03-26,562,6
2017-03-27,673,0
2017-03-28,556,1
2017-03-29,414,2
2017-03-30,561,3
2017-03-31,472,4
2017-04-01,460,5
2017-04-02,464,6
2017-04-03,565,0
2017-04-04,534,1
2017-04-05,548,2
2017-04-06,544,3
2017-04-07,574,4
2017-04-08,436,5
2017-04-09,416,6
2017-04-10,501,0
2017-04-11,512,1
2017-04-12,520,2
2017-04-13,533,3
2017-04-14,602,4
2017-04-15,685,5
2017-04-16,427,6
2017-04-17,437,0
2017-04-18,552,1
2017-04-19,551,2
2017-04-20,630,3
2017-04-21,430,4
2017-04-22,512,5
2017-04-23,417,6
2017-04-24,541,0
2017-04-25,576,1
2017-04-26,436,2
2017-04-27,230,3
2017-04-28,376,4
2017-04-29,432,5
2017-04-30,346,6
2017-05-01,547,0
2017-05-02,566,1
2017-05-03,385,2
2017-05-04,658,3
2017-05-05,580,4
2017-05-06,635,5
2017-05-07,654,6
2017-05-08,686,0
2017-05-09,384,1
2017-05-10,571,2
2017-05-11,365,3
2017-05-12,521,4
2017-05-13,500,5
2017-05-14,571,6
2017-05-15,780,0
2017-05-16,448,1
2017-05-17,690,2
2017-05-18,466,3
2017-05-19,593,4
2017-05-20,403,5
2017-05-21,479,6
2017-05-22,432,0
2017-05-23,340,1
2017-05-24,467,2
2017-05-25,373,3
2017-05-26,429,4
2017-05-27,477,5
2017-05-28,596,6
2017-05-29,471,0
2017-05-30,452,1
2017-05-31,661,2
2017-06-01,411,3
2017-06-02,390,4
2017-06-03,534,5
2017-06-04,442,6
2017-06-05,432,0
2017-06-06,481,1
2017-06-07,486,2
2017-06-08,228,3
2017-06-09,503,4
2017-06-10,504,5
2017-06-11,545,6
2017-06-12,393,0
2017-06-13,494,1
2017-06-14,414,2
2017-06-15,430,3
2017-06-16,345,4
2017-06-17,322,5
2017-06-18,541,6
2017-06-19,338,0
2017-06-20,475,1
2017-06-21,436,2
2017-06-22,364,3
2017-06-23,511,4
2017-06-24,451,5
2017-06-25,504,6
2017-06-26,477,0
2017-06-27,444,1
2017-06-28,385,2
2017-06-29,370,3
2017-06-30,626,4
2017-07-01,385,5
2017-07-02,549,6
2017-07-03,488,0
2017-07-04,635,1
2017-07-05,426,2
2017-07-06,487,3
2017-07-07,402,4
2017-07-08,451,5
2017-07-09,333,6
2017-07-10,477,0
2017-07-11,611,1
2017-07-12,594,2
2017-07-13,434,3
2017-07-14,492,4
2017-07-15,455,5
2017-07-16,487,6
2017-07-17,665,0
2017-07-18,511,1
2017-07-19,539,2
2017-07-20,507,3
2017-07-21,297,4
2017-07-22,632,5
2017-07-23,432,6
2017-07-24,539,0
2017-07-25,616,1
2017-07-26,512,2
2017-07-27,259,3
2017-07-28,663,4
2017-07-29,535,5
2017-07-30,504,6
2017-07-31,513,0
2017-08-01,282,1
2017-08-02,494,2
2017-08-03,585,3
2017-08-04,591,4
2017-08-05,616,5
2017-08-06,608,6
2017-08-07,410,0
2017-08-08,419,1
2017-08-09,430,2
2017-08-10,614,3
2017-08-11,513,4
2017-08-12,583,5
2017-08-13,519,6
2017-08-14,384,0
2017-08-15,456,1
2017-08-16,536,2
2017-08-17,464,3
2017-08-18,553,4
2017-08-19,575,5
2017-08-20,622,6
2017-08-21,394,0
2017-08-22,663,1
2017-08-23,315,2
2017-08-24,375,3
2017-08-25,335,4
2017-08-26,658,5
2017-08-27,423,6
2017-08-28,612,0
2017-08-29,596,1
2017-08-30,353,2
2017-08-31,335,3
2017-09-01,571,4
2017-09-02,391,5
2017-09-03,457,6
2017-09-04,557,0
2017-09-05,617,1
2017-09-06,609,2
2017-09-07,590,3
2017-09-08,533,4
2017-09-09,478,5
2017-09-10,326,6
2017-09-11,489,0
2017-09-12,562,1
2017-09-13,306,2
2017-09-14,463,3
2017-09-15,590,4
2017-09-16,519,5
2017-09-17,583,6
2017-09-18,355,0
2017-09-19,441,1
2017-09-20,205,2
2017-09-21,474,3
2017-09-22,479,4
2017-09-23,386,5
2017-09-24,553,6
2017-09-25,509,0
2017-09-26,518,1
2017-09-27,622,2
2017-09-28,567,3
2017-09-29,561,4
2017-09-30,380,5
2017-10-01,492,6
2017-10-02,548,0
2017-10-03,675,1
2017-10-04,324,2
2017-10-05,457,3
2017-10-06,420,4
2017-10-07,573,5
2017-10-08,739,6
2017-10-09,486,0
2017-10-10,383,1
2017-10-11,705,2
2017-10-12,502,3
2017-10-13,566,4
2017-10-14,536,5
2017-10-15,457,6
2017-10-16,387,0
2017-10-17,490,1
2017-10-18,330,2
2017-10-19,330,3
2017-10-20,462,4
2017-10-21,577,5
2017-10-22,468,6
2017-10-23,543,0
2017-10-24,448,1
2017-10-25,577,2
2017-10-26,442,3
2017-10-27,505,4
2017-10-28,500,5
2017-10-29,503,6
2017-10-30,524,0
2017-10-31,468,1
2017-11-01,695,2
2017-11-02,600,3
2017-11-03,499,4
2017-11-04,396,5
2017-11-05,564,6
2017-11-06,554,0
2017-11-07,618,1
2017-11-08,378,2
2017-11-09,400,3
2017-11-10,480,4
2017-11-11,543,5
2017-11-12,486,6
2017-11-13,494,0
2017-11-14,490,1
2017-11-15,477,2
2017-11-16,457,3
2017-11-17,501,4
2017-11-18,454,5
2017-11-19,511,6
2017-11-20,459,0
2017-11-21,346,1
2017-11-22,584,2
2017-11-23,439,3
2017-11-24,623,4
2017-11-25,585,5
2017-11-26,538,6
2017-11-27,361,0
2017-11-28,488,1
2017-11-29,392,2
2017-11-30,470,3
2017-12-01,448,4
2017-12-02,505,5
2017-12-03,374,6
2017-12-04,493,0
2017-12-05,555,1
2017-12-06,437,2
2017-12-07,452,3
2017-12-08,614,4
2017-12-09,554,5
2017-12-10,397,6
2017-12-11,547,0
2017-12-12,432,1
2017-12-13,295,2
2017-12-14,403,3
2017-12-15,310,4
2017-12-16,464,5
2017-12-17,604,6
2017-12-18,408,0
2017-12-19,439,1
2017-12-20,522,2
2017-12-21,600,3
2017-12-22,501,4
2017-12-23,253,5
2017-12-24,485,6
2017-12-25,467,0
2017-12-26,556,1
2017-12-27,443,2
2017-12-28,406,3
2017-12-29,448,4
2017-12-30,414,5
2017-12-31,529,6
2018-01-01,407,0
2018-01-02,439,1
2018-01-03,347,2
2018-01-04,473,3
2018-01-05,397,4
2018-01-06,326,5
2018-01-07,530,6
2018-01-08,702,0
2018-01-09,585,1
2018-01-10,452,2
2018-01-11,488,3
2018-01-12,397,4
2018-01-13,443,5
2018-01-14,502,6
2018-01-15,595,0
2018-01-16,323,1
2018-01-17,526,2
2018-01-18,501,3
2018-01-19,294,4
2018-01-20,523,5
2018-01-21,361,6
2018-01-22,431,0
2018-01-23,213,1
2018-01-24,295,2
2018-01-25,412,3
2018-01-26,467,4
2018-01-27,514,5
2018-01-28,600,6
2018-01-29,344,0
2018-01-30,482,1
2018-01-31,820,2
2018-02-01,411,3
2018-02-02,644,4
2018-02-03,564,5
2018-02-04,377,6
2018-02-05,744,0
2018-02-06,329,1
2018-02-07,609,2
2018-02-08,458,3
2018-02-09,590,4
2018-02-10,483,5
2018-02-11,538,6
2018-02-12,425,0
2018-02-13,552,1
2018-02-14,503,2
2018-02-15,695,3
2018-02-16,473,4
2018-02-17,249,5
2018-02-18,401,6
2018-02-19,478,0
2018-02-20,487,1
2018-02-21,519,2
2018-02-22,641,3
2018-02-23,565,4
2018-02-24,526,5
2018-02-25,507,6
2018-02-26,561,0
2018-02-27,568,1
2018-02-28,293,2
2018-03-01,327,3
2018-03-02,457,4
2018-03-03,565,5
2018-03-04,538,6
2018-03-05,441,0
2018-03-06,231,1
2018-03-07,479,2
2018-03-08,380,3
2018-03-09,354,4
2018-03-10,558,5
2018-03-11,461,6
2018-03-12,600,0
2018-03-13,323,1
2018-03-14,493,2
2018-03-15,457,3
2018-03-16,411,4
2018-03-17,463,5
2018-03-18,410,6
2018-03-19,596,0
2018-03-20,411,1
2018-03-21,381,2
2018-03-22,382,3
2018-03-23,569,4
2018-03-24,430,5
2018-03-25,482,6
2018-03-26,541,0
2018-03-27,306,1
2018-03-28,452,2
2018-03-29,504,3
2018-03-30,539,4
2018-03-31,530,5
2018-04-01,465,6
2018-04-02,322,0
2018-04-03,590,1
2018-04-04,562,2
2018-04-05,573,3
2018-04-06,421,4
2018-04-07,740,5
2018-04-08,324,6
2018-04-09,424,0
2018-04-10,551,1
2018-04-11,785,2
2018-04-12,302,3
2018-04-13,410,4
2018-04-14,564,5
2018-04-15,551,6
2018-04-16,484,0
2018-04-17,398,1
2018-04-18,569,2
2018-04-19,524,3
2018-04-20,567,4
2018-04-21,420,5
2018-04-22,567,6
2018-04-23,548,0
2018-04-24,451,1
2018-04-25,402,2
2018-04-26,410,3
2018-04-27,443,4
2018-04-28,384,5
2018-04-29,442,6
2018-04-30,609,0
2018-05-01,515,1
2018-05-02,563,2
2018-05-03,566,3
2018-05-04,729,4
2018-05-05,571,5
2018-05-06,423,6
2018-05-07,498,0
2018-05-08,549,1
2018-05-09,468,2
2018-05-10,612,3
2018-05-11,600,4
2018-05-12,464,5
2018-05-13,420,6
2018-05-14,467,0
2018-05-15,417,1
2018-05-16,290,2
2018-05-17,253,3
2018-05-18,506,4
2018-05-19,564,5
2018-05-20,273,6
2018-05-21,505,0
2018-05-22,376,1
2018-05-23,502,2
2018-05-24,479,3
2018-05-25,300,4
2018-05-26,547,5
2018-05-27,574,6
2018-05-28,422,0
2018-05-29,420,1
2018-05-30,503,2
2018-05-31,495,3
2018-06-01,577,4
2018-06-02,473,5
2018-06-03,513,6
2018-06-04,541,0
2018-06-05,476,1
2018-06-06,634,2
2018-06-07,500,3
2018-06-08,672,4
2018-06-09,423,5
2018-06-10,346,6
2018-06-11,535,0
2018-06-12,431,1
2018-06-13,447,2
2018-06-14,515,3
2018-06-15,393,4
2018-06-16,593,5
2018-06-17,504,6
2018-06-18,455,0
2018-06-19,516,1
2018-06-20,661,2
2018-06-21,605,3
2018-06-22,348,4
2018-06-23,458,5
2018-06-24,637,6
2018-06-25,473,0
2018-06-26,486,1
2018-06-27,486,2
2018-06-28,593,3
2018-06-29,637,4
2018-06-30,452,5
2018-07-01,648,6
2018-07-02,305,0
2018-07-03,497,1
2018-07-04,626,2
2018-07-05,394,3
2018-07-06,403,4
2018-07-07,348,5
2018-07-08,582,6
2018-07-09,336,0
2018-07-10,658,1
2018-07-11,455,2
2018-07-12,270,3
2018-07-13,490,4
2018-07-14,572,5
2018-07-15,497,6
2018-07-16,582,0
2018-07-17,557,1
2018-07-18,483,2
2018-07-19,438,3
2018-07-20,325,4
2018-07-21,538,5
2018-07-22,332,6
2018-07-23,508,0
2018-07-24,244,1
2018-07-25,419,2
2018-07-26,600,3
2018-07-27,398,4
2018-07-28,381,5
2018-07-29,614,6
2018-07-30,546,0
2018-07-31,508,1
2018-08-01,753,2
2018-08-02,527,3
2018-08-03,423,4
2018-08-04,550,5
2018-08-05,324,6
2018-08-06,501,0
2018-08-07,545,1
2018-08-08,446,2
2018-08-09,546,3
2018-08-10,389,4
2018-08-11,528,5
2018-08-12,602,6
2018-08-13,564,0
2018-08-14,530,1
2018-08-15,543,2
2018-08-16,486,3
2018-08-17,459,4
2018-08-18,716,5
2018-08-19,544,6
2018-08-20,589,0
2018-08-21,571,1
2018-08-22,437,2
2018-08-23,530,3
2018-08-24,457,4
2018-08-25,333,5
2018-08-26,628,6
2018-08-27,508,0
2018-08-28,439,1
2018-08-29,442,2
2018-08-30,455,3
2018-08-31,588,4
2018-09-01,495,5
2018-09-02,507,6
2018-09-03,536,0
2018-09-04,351,1
2018-09-05,474,2
2018-09-06,325,3
2018-09-07,519,4
2018-09-08,302,5
2018-09-09,525,6
2018-09-10,658,0
2018-09-11,627,1
2018-09-12,724,2
2018-09-13,606,3
2018-09-14,471,4
2018-09-15,441,5
2018-09-16,632,6
2018-09-17,493,0
2018-09-18,511,1
2018-09-19,519,2
2018-09-20,544,3
2018-09-21,568,4
2018-09-22,447,5
2018-09-23,443,6
2018-09-24,658,0
2018-09-25,642,1
2018-09-26,494,2
2018-09-27,493,3
2018-09-28,413,4
2018-09-29,652,5
2018-09-30,522,6
2018-10-01,547,0
2018-10-02,318,1
2018-10-03,523,2
2018-10-04,391,3
2018-10-05,477,4
2018-10-06,302,5
2018-10-07,539,6
2018-10-08,590,0
2018-10-09,398,1
2018-10-10,608,2
2018-10-11,511,3
2018-10-12,595,4
2018-10-13,622,5
2018-10-14,475,6
2018-10-15,586,0
2018-10-16,635,1
2018-10-17,427,2
2018-10-18,454,3
2018-10-19,667,4
2018-10-20,631,5
2018-10-21,597,6
2018-10-22,658,0
2018-10-23,538,1
2018-10-24,511,2
2018-10-25,616,3
2018-10-26,390,4
2018-10-27,555,5
2018-10-28,683,6
2018-10-29,622,0
2018-10-30,423,1
2018-10-31,453,2
2018-11-01,416,3
2018-11-02,570,4
2018-11-03,461,5
2018-11-04,617,6
2018-11-05,332,0
2018-11-06,463,1
2018-11-07,557,2
2018-11-08,437,3
2018-11-09,522,4
2018-11-10,652,5
2018-11-11,513,6
2018-11-12,583,0
2018-11-13,554,1
2018-11-14,458,2
2018-11-15,572,3
2018-11-16,490,4
2018-11-17,625,5
2018-11-18,374,6
2018-11-19,594,0
2018-11-20,487,1
2018-11-21,310,2
2018-11-22,306,3
2018-11-23,382,4
2018-11-24,658,5
2018-11-25,487,6
2018-11-26,475,0
2018-11-27,471,1
2018-11-28,591,2
2018-11-29,496,3
2018-11-30,357,4
2018-12-01,418,5
2018-12-02,461,6
2018-12-03,427,0
2018-12-04,585,1
2018-12-05,460,2
2018-12-06,403,3
2018-12-07,514,4
2018-12-08,659,5
2018-12-09,389,6
2018-12-10,522,0
2018-12-11,535,1
2018-12-12,450,2
2018-12-13,494,3
2018-12-14,418,4
2018-12-15,554,5
2018-12-16,513,6
2018-12-17,523,0
2018-12-18,603,1
2018-12-19,587,2
2018-12-20,397,3
2018-12-21,561,4
2018-12-22,233,5
2018-12-23,534,6
2018-12-24,392,0
2018-12-25,637,1
2018-12-26,515,2
2018-12-27,564,3
2018-12-28,507,4
2018-12-29,618,5
2018-12-30,496,6
2018-12-31,430,0
2019-01-01,572,1
2019-01-02,465,2
2019-01-03,434,3
2019-01-04,598,4
2019-01-05,370,5
2019-01-06,588,6
2019-01-07,589,0
2019-01-08,486,1
2019-01-09,500,2
2019-01-10,292,3
2019-01-11,419,4
2019-01-12,346,5
2019-01-13,385,6
2019-01-14,603,0
2019-01-15,579,1
2019-01-16,639,2
2019-01-17,670,3
2019-01-18,695,4
2019-01-19,273,5
2019-01-20,379,6
2019-01-21,616,0
2019-01-22,373,1
2019-01-23,374,2
2019-01-24,486,3
2019-01-25,479,4
2019-01-26,418,5
2019-01-27,447,6
2019-01-28,390,0
2019-01-29,652,1
2019-01-30,534,2
2019-01-31,645,3
2019-02-01,511,4
2019-02-02,442,5
2019-02-03,636,6
2019-02-04,495,0
2019-02-05,443,1
2019-02-06,681,2
2019-02-07,368,3
2019-02-08,462,4
2019-02-09,432,5
2019-02-10,439,6
2019-02-11,430,0
2019-02-12,666,1
2019-02-13,338,2
2019-02-14,396,3
2019-02-15,555,4
2019-02-16,592,5
2019-02-17,408,6
2019-02-18,398,0
2019-02-19,499,1
2019-02-20,300,2
2019-02-21,438,3
2019-02-22,463,4
2019-02-23,522,5
2019-02-24,438,6
2019-02-25,524,0
2019-02-26,720,1
2019-02-27,445,2
2019-02-28,517,3
2019-03-01,583,4
2019-03-02,301,5
2019-03-03,408,6
2019-03-04,537,0
2019-03-05,675,1
2019-03-06,430,2
2019-03-07,464,3
2019-03-08,377,4
2019-03-09,365,5
2019-03-10,616,6
2019-03-11,674,0
2019-03-12,445,1
2019-03-13,614,2
2019-03-14,471,3
2019-03-15,521,4
2019-03-16,232,5
2019-03-17,534,6
2019-03-18,326,0
2019-03-19,670,1
2019-03-20,515,2
2019-03-21,403,3
2019-03-22,564,4
2019-03-23,480,5
2019-03-24,677,6
2019-03-25,270,0
2019-03-26,516,1
2019-03-27,495,2
2019-03-28,629,3
2019-03-29,501,4
2019-03-30,526,5
2019-03-31,549,6
2019-04-01,469,0
2019-04-02,455,1
2019-04-03,578,2
2019-04-04,512,3
2019-04-05,542,4
2019-04-06,658,5
2019-04-07,463,6
2019-04-08,447,0
2019-04-09,388,1
2019-04-10,210,2
2019-04-11,517,3
2019-04-12,718,4
2019-04-13,356,5
2019-04-14,512,6
2019-04-15,642,0
2019-04-16,513,1
2019-04-17,403,2
2019-04-18,594,3
2019-04-19,504,4
2019-04-20,381,5
2019-04-21,344,6
2019-04-22,354,0
2019-04-23,246,1
2019-04-24,551,2
2019-04-25,670,3
2019-04-26,383,4
2019-04-27,482,5
2019-04-28,464,6
2019-04-29,387,0
2019-04-30,615,1
2019-05-01,560,2
2019-05-02,412,3
2019-05-03,494,4
2019-05-04,488,5
2019-05-05,543,6
2019-05-06,505,0
2019-05-07,640,1
2019-05-08,609,2
2019-05-09,719,3
2019-05-10,511,4
2019-05-11,640,5
2019-05-12,469,6
2019-05-13,484,0
2019-05-14,668,1
2019-05-15,530,2
2019-05-16,515,3
2019-05-17,621,4
2019-05-18,511,5
2019-05-19,417,6
2019-05-20,437,0
2019-05-21,484,1
2019-05-22,464,2
2019-05-23,450,3
2019-05-24,767,4
2019-05-25,604,5
2019-05-26,440,6
2019-05-27,569,0
2019-05-28,609,1
2019-05-29,348,2
2019-05-30,613,3
2019-05-31,531,4
2019-06-01,482,5
2019-06-02,633,6
2019-06-03,506,0
2019-06-04,497,1
2019-06-05,380,2
2019-06-06,533,3
2019-06-07,587,4
2019-06-08,568,5
2019-06-09,406,6
2019-06-10,600,0
2019-06-11,452,1
2019-06-12,490,2
2019-06-13,611,3
2019-06-14,425,4
2019-06-15,447,5
2019-06-16,389,6
2019-06-17,542,0
2019-06-18,580,1
2019-06-19,642,2
2019-06-20,528,3
2019-06-21,601,4
2019-06-22,619,5
2019-06-23,420,6
2019-06-24,547,0
2019-06-25,538,1
2019-06-26,529,2
2019-06-27,334,3
2019-06-28,346,4
2019-06-29,465,5
2019-06-30,501,6
2019-07-01,784,0
2019-07-02,564,1
2019-07-03,493,2
2019-07-04,477,3
2019-07-05,524,4
2019-07-06,508,5
2019-07-07,465,6
2019-07-08,527,0
2019-07-09,420,1
2019-07-10,473,2
2019-07-11,640,3
2019-07-12,559,4
2019-07-13,560,5
2019-07-14,455,6
2019-07-15,489,0
2019-07-16,468,1
2019-07-17,624,2
2019-07-18,562,3
2019-07-19,588,4
2019-07-20,512,5
2019-07-21,752,6
2019-07-22,644,0
2019-07-23,520,1
2019-07-24,350,2
2019-07-25,513,3
2019-07-26,601,4
2019-07-27,628,5
2019-07-28,442,6
2019-07-29,532,0
2019-07-30,496,1
2019-07-31,385,2
2019-08-01,520,3
2019-08-02,521,4
2019-08-03,575,5
2019-08-04,499,6
2019-08-05,488,0
2019-08-06,426,1
2019-08-07,565,2
2019-08-08,304,3
2019-08-09,408,4
2019-08-10,448,5
2019-08-11,300,6
2019-08-12,365,0
2019-08-13,524,1
2019-08-14,458,2
2019-08-15,481,3
2019-08-16,509,4
2019-08-17,569,5
2019-08-18,416,6
2019-08-19,414,0
2019-08-20,416,1
2019-08-21,669,2
2019-08-22,429,3
2019-08-23,434,4
2019-08-24,537,5
2019-08-25,622,6
2019-08-26,428,0
2019-08-27,514,1
2019-08-28,640,2
2019-08-29,725,3
2019-08-30,579,4
2019-08-31,416,5
2019-09-01,408,6
2019-09-02,425,0
2019-09-03,570,1
2019-09-04,444,2
2019-09-05,541,3
2019-09-06,420,4
2019-09-07,571,5
2019-09-08,470,6
2019-09-09,592,0
2019-09-10,374,1
2019-09-11,531,2
2019-09-12,576,3
2019-09-13,467,4
2019-09-14,721,5
2019-09-15,398,6
2019-09-16,406,0
2019-09-17,623,1
2019-09-18,573,2
2019-09-19,339,3
2019-09-20,289,4
2019-09-21,355,5
2019-09-22,296,6
2019-09-23,443,0
2019-09-24,377,1
2019-09-25,548,2
2019-09-26,566,3
2019-09-27,592,4
2019-09-28,441,5
2019-09-29,754,6
2019-09-30,652,0
2019-10-01,404,1
2019-10-02,469,2
2019-10-03,541,3
2019-10-04,493,4
2019-10-05,554,5
2019-10-06,447,6
2019-10-07,359,0
2019-10-08,422,1
2019-10-09,499,2
2019-10-10,554,3
2019-10-11,484,4
2019-10-12,470,5
2019-10-13,605,6
2019-10-14,476,0
2019-10-15,537,1
2019-10-16,644,2
2019-10-17,466,3
2019-10-18,595,4
2019-10-19,585,5
2019-10-20,421,6
2019-10-21,500,0
2019-10-22,481,1
2019-10-23,437,2
2019-10-24,397,3
2019-10-25,409,4
2019-10-26,595,5
2019-10-27,526,6
2019-10-28,484,0
2019-10-29,509,1
2019-10-30,552,2
2019-10-31,501,3
2019-11-01,679,4
2019-11-02,559,5
2019-11-03,525,6
2019-11-04,333,0
2019-11-05,493,1
2019-11-06,481,2
2019-11-07,715,3
2019-11-08,454,4
2019-11-09,647,5
2019-11-10,537,6
2019-11-11,638,0
2019-11-12,490,1
2019-11-13,502,2
2019-11-14,531,3
2019-11-15,526,4
2019-11-16,501,5
2019-11-17,554,6
2019-11-18,391,0
2019-11-19,343,1
2019-11-20,492,2
2019-11-21,339,3
2019-11-22,502,4
2019-11-23,558,5
2019-11-24,301,6
2019-11-25,398,0
2019-11-26,272,1
2019-11-27,492,2
2019-11-28,433,3
2019-11-29,606,4
2019-11-30,660,5
2019-12-01,355,6
2019-12-02,416,0
2019-12-03,645,1
2019-12-04,493,2
2019-12-05,557,3
2019-12-06,466,4
2019-12-07,563,5
2019-12-08,484,6
2019-12-09,623,0
2019-12-10,489,1
2019-12-11,546,2
2019-12-12,615,3
2019-12-13,497,4
2019-12-14,406,5
2019-12-15,422,6
2019-12-16,328,0
2019-12-17,634,1
2019-12-18,641,2
2019-12-19,620,3
2019-12-20,518,4
2019-12-21,441,5
2019-12-22,519,6
2019-12-23,432,0
2019-12-24,726,1
2019-12-25,373,2
2019-12-26,607,3
2019-12-27,604,4
2019-12-28,731,5
2019-12-29,553,6
2019-12-30,332,0
2019-12-31,604,1
2020-01-01,489,2
2020-01-02,412,3
2020-01-03,400,4
2020-01-04,648,5
2020-01-05,591,6
2020-01-06,407,0
2020-01-07,624,1
2020-01-08,511,2
2020-01-09,669,3
2020-01-10,466,4
2020-01-11,482,5
2020-01-12,544,6
2020-01-13,363,0
2020-01-14,406,1
2020-01-15,332,2
2020-01-16,527,3
2020-01-17,339,4
2020-01-18,300,5
2020-01-19,361,6
2020-01-20,544,0
2020-01-21,549,1
2020-01-22,584,2
2020-01-23,489,3
2020-01-24,556,4
2020-01-25,519,5
2020-01-26,417,6
2020-01-27,381,0
2020-01-28,484,1
2020-01-29,447,2
2020-01-30,431,3
2020-01-31,468,4
2020-02-01,525,5
2020-02-02,564,6
2020-02-03,558,0
2020-02-04,330,1
2020-02-05,413,2
2020-02-06,557,3
2020-02-07,498,4
2020-02-08,331,5
2020-02-09,437,6
2020-02-10,570,0
2020-02-11,460,1
2020-02-12,393,2
2020-02-13,570,3
2020-02-14,517,4
2020-02-15,447,5
2020-02-16,490,6
2020-02-17,550,0
2020-02-18,265,1
2020-02-19,521,2
2020-02-20,750,3
2020-02-21,312,4
2020-02-22,473,5
2020-02-23,516,6
2020-02-24,354,0
2020-02-25,460,1
2020-02-26,604,2
2020-02-27,334,3
2020-02-28,570,4
2020-02-29,336,5
2020-03-01,554,6
2020-03-02,484,0
2020-03-03,568,1
2020-03-04,461,2
2020-03-05,350,3
2020-03-06,503,4
2020-03-07,428,5
2020-03-08,567,6
2020-03-09,521,0
2020-03-10,586,1
2020-03-11,663,2
2020-03-12,354,3
2020-03-13,714,4
2020-03-14,496,5
2020-03-15,555,6
2020-03-16,578,0
2020-03-17,481,1
2020-03-18,405,2
2020-03-19,500,3
2020-03-20,423,4
2020-03-21,547,5
2020-03-22,447,6
2020-03-23,406,0
2020-03-24,333,1
2020-03-25,464,2
2020-03-26,416,3
2020-03-27,563,4
2020-03-28,459,5
2020-03-29,520,6
2020-03-30,463,0
2020-03-31,375,1
2020-04-01,426,2
2020-04-02,355,3
2020-04-03,486,4
2020-04-04,638,5
2020-04-05,381,6
2020-04-06,383,0
2020-04-07,546,1
2020-04-08,587,2
2020-04-09,403,3
2020-04-10,430,4
2020-04-11,461,5
2020-04-12,599,6
2020-04-13,718,0
2020-04-14,589,1
2020-04-15,408,2
2020-04-16,499,3
2020-04-17,605,4
2020-04-18,586,5
2020-04-19,483,6
2020-04-20,403,0
2020-04-21,493,1
2020-04-22,541,2
2020-04-23,495,3
2020-04-24,505,4
2020-04-25,446,5
2020-04-26,487,6
2020-04-27,403,0
2020-04-28,484,1
2020-04-29,481,2
2020-04-30,411,3
2020-05-01,455,4
2020-05-02,494,5
2020-05-03,438,6
2020-05-04,546,0
2020-05-05,572,1
2020-05-06,627,2
2020-05-07,447,3
2020-05-08,626,4
2020-05-09,576,5
2020-05-10,556,6
2020-05-11,592,0
2020-05-12,368,1
2020-05-13,554,2
2020-05-14,348,3
2020-05-15,569,4
2020-05-16,707,5
2020-05-17,475,6
2020-05-18,640,0
2020-05-19,406,1
2020-05-20,605,2
2020-05-21,535,3
2020-05-22,414,4
2020-05-23,517,5
2020-05-24,442,6
2020-05-25,432,0
2020-05-26,326,1
2020-05-27,448,2
2020-05-28,650,3
2020-05-29,542,4
2020-05-30,488,5
2020-05-31,406,6
2020-06-01,515,0
2020-06-02,580,1
2020-06-03,605,2
2020-06-04,506,3
2020-06-05,392,4
2020-06-06,469,5
2020-06-07,562,6
2020-06-08,601,0
2020-06-09,507,1
2020-06-10,570,2
2020-06-11,482,3
2020-06-12,540,4
2020-06-13,474,5
2020-06-14,372,6
2020-06-15,531,0
2020-06-16,402,1
2020-06-17,440,2
2020-06-18,677,3
2020-06-19,618,4
2020-06-20,329,5
2020-06-21,656,6
2020-06-22,376,0
2020-06-23,492,1
2020-06-24,547,2
2020-06-25,609,3
2020-06-26,588,4
2020-06-27,479,5
2020-06-28,440,6
2020-06-29,391,0
2020-06-30,552,1
2020-07-01,507,2
2020-07-02,454,3
2020-07-03,485,4
2020-07-04,491,5
2020-07-05,321,6
2020-07-06,563,0
2020-07-07,466,1
2020-07-08,657,2
2020-07-09,476,3
2020-07-10,402,4
2020-07-11,590,5
2020-07-12,502,6
2020-07-13,521,0
2020-07-14,426,1
2020-07-15,468,2
2020-07-16,484,3
2020-07-17,464,4
2020-07-18,437,5
2020-07-19,450,6
2020-07-20,491,0
2020-07-21,406,1
2020-07-22,543,2
2020-07-23,436,3
2020-07-24,583,4
2020-07-25,520,5
2020-07-26,511,6
2020-07-27,547,0
2020-07-28,406,1
2020-07-29,495,2
2020-07-30,436,3
2020-07-31,440,4
2020-08-01,427,5
2020-08-02,555,6
2020-08-03,273,0
2020-08-04,495,1
2020-08-05,552,2
2020-08-06,691,3
2020-08-07,566,4
2020-08-08,321,5
2020-08-09,527,6
2020-08-10,527,0
2020-08-11,673,1
2020-08-12,560,2
2020-08-13,439,3
2020-08-14,536,4
2020-08-15,642,5
2020-08-16,498,6
2020-08-17,519,0
2020-08-18,397,1
2020-08-19,557,2
2020-08-20,481,3
2020-08-21,507,4
2020-08-22,485,5
2020-08-23,430,6
2020-08-24,535,0
2020-08-25,470,1
2020-08-26,501,2
2020-08-27,349,3
2020-08-28,365,4
2020-08-29,343,5
2020-08-30,384,6
2020-08-31,570,0
2020-09-01,582,1
2020-09-02,589,2
2020-09-03,497,3
2020-09-04,430,4
2020-09-05,528,5
2020-09-06,498,6
2020-09-07,468,0
2020-09-08,516,1
2020-09-09,548,2
2020-09-10,482,3
2020-09-11,455,4
2020-09-12,396,5
2020-09-13,446,6
2020-09-14,586,0
2020-09-15,585,1
2020-09-16,378,2
2020-09-17,536,3
2020-09-18,591,4
2020-09-19,361,5
2020-09-20,536,6
2020-09-21,673,0
2020-09-22,547,1
2020-09-23,477,2
2020-09-24,473,3
2020-09-25,381,4
2020-09-26,495,5
2020-09-27,473,6
2020-09-28,583,0
2020-09-29,292,1
2020-09-30,620,2
2020-10-01,624,3
2020-10-02,558,4
2020-10-03,545,5
2020-10-04,484,6
2020-10-05,566,0
2020-10-06,523,1
2020-10-07,387,2
2020-10-08,528,3
2020-10-09,490,4
2020-10-10,693,5
2020-10-11,583,6
2020-10-12,631,0
2020-10-13,576,1
2020-10-14,631,2
2020-10-15,396,3
2020-10-16,309,4
2020-10-17,421,5
2020-10-18,514,6
2020-10-19,472,0
2020-10-20,455,1
2020-10-21,481,2
2020-10-22,372,3
2020-10-23,567,4
2020-10-24,656,5
2020-10-25,525,6
2020-10-26,615,0
2020-10-27,479,1
2020-10-28,418,2
2020-10-29,525,3
2020-10-30,491,4
2020-10-31,459,5
2020-11-01,534,6
2020-11-02,388,0
2020-11-03,382,1
2020-11-04,458,2
2020-11-05,558,3
2020-11-06,514,4
2020-11-07,488,5
2020-11-08,619,6
2020-11-09,405,0
2020-11-10,440,1
2020-11-11,592,2
2020-11-12,399,3
2020-11-13,583,4
2020-11-14,512,5
2020-11-15,416,6
2020-11-16,521,0
2020-11-17,331,1
2020-11-18,550,2
2020-11-19,440,3
2020-11-20,362,4
2020-11-21,620,5
2020-11-22,313,6
2020-11-23,462,0
2020-11-24,558,1
2020-11-25,580,2
2020-11-26,469,3
2020-11-27,537,4
2020-11-28,437,5
2020-11-29,534,6
2020-11-30,423,0
2020-12-01,535,1
2020-12-02,393,2
2020-12-03,577,3
2020-12-04,352,4
2020-12-05,270,5
2020-12-06,559,6
2020-12-07,659,0
2020-12-08,455,1
2020-12-09,617,2
2020-12-10,535,3
2020-12-11,623,4
2020-12-12,528,5
2020-12-13,289,6
2020-12-14,443,0
2020-12-15,582,1
2020-12-16,674,2
2020-12-17,392,3
2020-12-18,585,4
2020-12-19,393,5
2020-12-20,529,6
2020-12-21,559,0
2020-12-22,494,1
2020-12-23,325,2
2020-12-24,472,3
2020-12-25,657,4
2020-12-26,470,5
2020-12-27,558,6
2020-12-28,551,0
2020-12-29,465,1
2020-12-30,635,2
2020-12-31,468,3
2021-01-01,564,4
2021-01-02,603,5
2021-01-03,368,6
2021-01-04,425,0
2021-01-05,310,1
2021-01-06,525,2
2021-01-07,667,3
2021-01-08,419,4
2021-01-09,604,5
2021-01-10,418,6
2021-01-11,593,0
2021-01-12,445,1
2021-01-13,400,2
2021-01-14,414,3
2021-01-15,670,4
2021-01-16,333,5
2021-01-17,463,6
2021-01-18,585,0
2021-01-19,438,1
2021-01-20,451,2
2021-01-21,418,3
2021-01-22,501,4
2021-01-23,437,5
2021-01-24,436,6
2021-01-25,470,0
2021-01-26,390,1
2021-01-27,513,2
2021-01-28,467,3
2021-01-29,594,4
2021-01-30,526,5
2021-01-31,435,6
2021-02-01,596,0
2021-02-02,328,1
2021-02-03,544,2
2021-02-04,433,3
2021-02-05,361,4
2021-02-06,383,5
2021-02-07,554,6
2021-02-08,489,0
2021-02-09,478,1
2021-02-10,495,2
2021-02-11,546,3
2021-02-12,619,4
2021-02-13,680,5
2021-02-14,514,6
2021-02-15,596,0
2021-02-16,382,1
2021-02-17,586,2
2021-02-18,513,3
2021-02-19,493,4
2021-02-20,338,5
2021-02-21,701,6
2021-02-22,537,0
2021-02-23,671,1
2021-02-24,358,2
2021-02-25,613,3
2021-02-26,428,4
2021-02-27,471,5
2021-02-28,693,6
2021-03-01,360,0
2021-03-02,542,1
2021-03-03,654,2
2021-03-04,346,3
2021-03-05,369,4
2021-03-06,461,5
2021-03-07,615,6
2021-03-08,460,0
2021-03-09,305,1
2021-03-10,423,2
2021-03-11,738,3
2021-03-12,476,4
2021-03-13,528,5
2021-03-14,535,6
2021-03-15,478,0
2021-03-16,437,1
2021-03-17,593,2
2021-03-18,348,3
2021-03-19,609,4
2021-03-20,416,5
2021-03-21,346,6
2021-03-22,415,0
2021-03-23,723,1
2021-03-24,401,2
2021-03-25,753,3
2021-03-26,541,4
2021-03-27,350,5
2021-03-28,501,6
2021-03-29,528,0
2021-03-30,525,1
2021-03-31,452,2
2021-04-01,502,3
2021-04-02,315,4
2021-04-03,534,5
2021-04-04,542,6
2021-04-05,502,0
2021-04-06,681,1
2021-04-07,476,2
2021-04-08,475,3
2021-04-09,540,4
2021-04-10,661,5
2021-04-11,454,6
2021-04-12,538,0
2021-04-13,477,1
2021-04-14,509,2
2021-04-15,514,3
2021-04-16,563,4
2021-04-17,463,5
2021-04-18,622,6
2021-04-19,532,0
2021-04-20,328,1
2021-04-21,493,2
2021-04-22,592,3
2021-04-23,494,4
2021-04-24,547,5
2021-04-25,557,6
2021-04-26,493,0
2021-04-27,299,1
2021-04-28,369,2
2021-04-29,492,3
2021-04-30,529,4
2021-05-01,653,5
2021-05-02,647,6
2021-05-03,420,0
2021-05-04,424,1
2021-05-05,767,2
2021-05-06,725,3
2021-05-07,410,4
2021-05-08,493,5
2021-05-09,586,6
2021-05-10,523,0
2021-05-11,552,1
2021-05-12,607,2
2021-05-13,622,3
2021-05-14,437,4
2021-05-15,442,5
2021-05-16,487,6
2021-05-17,508,0
2021-05-18,506,1
2021-05-19,343,2
2021-05-20,496,3
2021-05-21,259,4
2021-05-22,370,5
2021-05-23,537,6
2021-05-24,498,0
2021-05-25,450,1
2021-05-26,442,2
2021-05-27,699,3
2021-05-28,425,4
2021-05-29,474,5
2021-05-30,500,6
2021-05-31,477,0
2021-06-01,466,1
2021-06-02,489,2
2021-06-03,398,3
2021-06-04,548,4
2021-06-05,493,5
2021-06-06,554,6
2021-06-07,646,0
2021-06-08,541,1
2021-06-09,414,2
2021-06-10,542,3
2021-06-11,412,4
2021-06-12,310,5
2021-06-13,547,6
2021-06-14,397,0
2021-06-15,459,1
2021-06-16,523,2
2021-06-17,529,3
2021-06-18,776,4
2021-06-19,523,5
2021-06-20,523,6
2021-06-21,592,0
2021-06-22,526,1
2021-06-23,510,2
2021-06-24,411,3
2021-06-25,647,4
2021-06-26,475,5
2021-06-27,385,6
2021-06-28,507,0
2021-06-29,363,1
2021-06-30,491,2
2021-07-01,359,3
2021-07-02,659,4
2021-07-03,464,5
2021-07-04,526,6
2021-07-05,545,0
2021-07-06,478,1
2021-07-07,346,2
2021-07-08,374,3
2021-07-09,511,4
2021-07-10,596,5
2021-07-11,594,6
2021-07-12,474,0
2021-07-13,594,1
2021-07-14,551,2
2021-07-15,714,3
2021-07-16,390,4
2021-07-17,609,5
2021-07-18,323,6
2021-07-19,460,0
2021-07-20,758,1
2021-07-21,611,2
2021-07-22,411,3
2021-07-23,502,4
2021-07-24,459,5
2021-07-25,651,6
2021-07-26,473,0
2021-07-27,358,1
2021-07-28,562,2
2021-07-29,447,3
2021-07-30,333,4
2021-07-31,706,5
2021-08-01,697,6
2021-08-02,433,0
2021-08-03,470,1
2021-08-04,568,2
2021-08-05,526,3
2021-08-06,577,4
2021-08-07,351,5
2021-08-08,342,6
2021-08-09,691,0
2021-08-10,550,1
2021-08-11,547,2
2021-08-12,464,3
2021-08-13,487,4
2021-08-14,613,5
2021-08-15,360,6
2021-08-16,448,0
2021-08-17,485,1
2021-08-18,524,2
2021-08-19,520,3
2021-08-20,486,4
2021-08-21,515,5
2021-08-22,530,6
2021-08-23,384,0
2021-08-24,574,1
2021-08-25,457,2
2021-08-26,500,3
2021-08-27,578,4
2021-08-28,762,5
2021-08-29,497,6
2021-08-30,517,0
2021-08-31,296,1
2021-09-01,497,2
2021-09-02,749,3
2021-09-03,392,4
2021-09-04,492,5
2021-09-05,145,6
2021-09-06,383,0
2021-09-07,652,1
2021-09-08,690,2
2021-09-09,502,3
2021-09-10,511,4
2021-09-11,416,5
2021-09-12,341,6
2021-09-13,427,0
2021-09-14,339,1
2021-09-15,405,2
2021-09-16,534,3
2021-09-17,463,4
2021-09-18,512,5
2021-09-19,608,6
2021-09-20,567,0
2021-09-21,541,1
2021-09-22,465,2
2021-09-23,511,3
2021-09-24,647,4
2021-09-25,601,5
2021-09-26,523,6
2021-09-27,614,0
2021-09-28,419,1
2021-09-29,364,2
2021-09-30,639,3
2021-10-01,446,4
2021-10-02,625,5
2021-10-03,557,6
2021-10-04,441,0
2021-10-05,717,1
2021-10-06,554,2
2021-10-07,602,3
2021-10-08,673,4
2021-10-09,568,5
2021-10-10,344,6
2021-10-11,407,0
2021-10-12,409,1
2021-10-13,543,2
2021-10-14,653,3
2021-10-15,308,4
2021-10-16,477,5
2021-10-17,401,6
2021-10-18,570,0
2021-10-19,439,1
2021-10-20,536,2
2021-10-21,712,3
2021-10-22,340,4
2021-10-23,496,5
2021-10-24,632,6
2021-10-25,525,0
2021-10-26,605,1
2021-10-27,558,2
2021-10-28,376,3
2021-10-29,610,4
2021-10-30,514,5
2021-10-31,564,6
2021-11-01,511,0
2021-11-02,484,1
2021-11-03,321,2
2021-11-04,436,3
2021-11-05,588,4
2021-11-06,587,5
2021-11-07,574,6
2021-11-08,355,0
2021-11-09,446,1
2021-11-10,495,2
2021-11-11,584,3
2021-11-12,495,4
2021-11-13,446,5
2021-11-14,504,6
2021-11-15,494,0
2021-11-16,279,1
2021-11-17,628,2
2021-11-18,532,3
2021-11-19,538,4
2021-11-20,548,5
2021-11-21,572,6
2021-11-22,635,0
2021-11-23,449,1
2021-11-24,253,2
2021-11-25,624,3
2021-11-26,508,4
2021-11-27,622,5
2021-11-28,564,6
2021-11-29,566,0
2021-11-30,369,1
2021-12-01,475,2
2021-12-02,440,3
2021-12-03,668,4
2021-12-04,413,5
2021-12-05,576,6
2021-12-06,558,0
2021-12-07,579,1
2021-12-08,480,2
2021-12-09,484,3
2021-12-10,445,4
2021-12-11,376,5
2021-12-12,614,6
2021-12-13,501,0
2021-12-14,487,1
2021-12-15,390,2
2021-12-16,541,3
2021-12-17,451,4
2021-12-18,314,5
2021-12-19,534,6
2021-12-20,472,0
2021-12-21,423,1
2021-12-22,345,2
2021-12-23,518,3
2021-12-24,495,4
2021-12-25,552,5
2021-12-26,584,6
2021-12-27,641,0
2021-12-28,563,1
2021-12-29,434,2
2021-12-30,531,3
2021-12-31,626,4
2022-01-01,659,5
2022-01-02,620,6
2022-01-03,570,0
2022-01-04,472,1
2022-01-05,650,2
2022-01-06,528,3
2022-01-07,447,4
2022-01-08,410,5
2022-01-09,439,6
2022-01-10,464,0
2022-01-11,492,1
2022-01-12,377,2
2022-01-13,655,3
2022-01-14,455,4
2022-01-15,479,5
2022-01-16,465,6
2022-01-17,380,0
2022-01-18,562,1
2022-01-19,513,2
2022-01-20,523,3
2022-01-21,536,4
2022-01-22,472,5
2022-01-23,352,6
2022-01-24,429,0
2022-01-25,436,1
2022-01-26,475,2
2022-01-27,323,3
2022-01-28,403,4
2022-01-29,477,5
2022-01-30,539,6
2022-01-31,534,0
2022-02-01,532,1
2022-02-02,485,2
2022-02-03,498,3
2022-02-04,333,4
2022-02-05,574,5
2022-02-06,639,6
2022-02-07,618,0
2022-02-08,353,1
2022-02-09,460,2
2022-02-10,654,3
2022-02-11,458,4
2022-02-12,511,5
2022-02-13,712,6
2022-02-14,363,0
2022-02-15,692,1
2022-02-16,494,2
2022-02-17,434,3
2022-02-18,463,4
2022-02-19,614,5
2022-02-20,510,6
2022-02-21,574,0
2022-02-22,402,1
2022-02-23,385,2
2022-02-24,361,3
2022-02-25,435,4
2022-02-26,403,5
2022-02-27,407,6
2022-02-28,572,0
2022-03-01,675,1
2022-03-02,454,2
2022-03-03,602,3
2022-03-04,627,4
2022-03-05,619,5
2022-03-06,467,6
2022-03-07,780,0
2022-03-08,520,1
2022-03-09,524,2
2022-03-10,431,3
2022-03-11,611,4
2022-03-12,584,5
2022-03-13,507,6
2022-03-14,528,0
2022-03-15,469,1
2022-03-16,603,2
2022-03-17,396,3
2022-03-18,424,4
2022-03-19,549,5
2022-03-20,527,6
2022-03-21,468,0
2022-03-22,515,1
2022-03-23,588,2
2022-03-24,567,3
2022-03-25,530,4
2022-03-26,400,5
2022-03-27,509,6
2022-03-28,402,0
2022-03-29,463,1
2022-03-30,373,2
2022-03-31,635,3
2022-04-01,566,4
2022-04-02,529,5
2022-04-03,539,6
2022-04-04,456,0
2022-04-05,394,1
2022-04-06,279,2
2022-04-07,490,3
2022-04-08,661,4
2022-04-09,479,5
2022-04-10,515,6
2022-04-11,464,0
2022-04-12,549,1
2022-04-13,453,2
2022-04-14,626,3
2022-04-15,461,4
2022-04-16,483,5
2022-04-17,458,6
2022-04-18,338,0
2022-04-19,613,1
2022-04-20,572,2
2022-04-21,435,3
2022-04-22,435,4
2022-04-23,513,5
2022-04-24,534,6
2022-04-25,611,0
2022-04-26,476,1
2022-04-27,324,2
2022-04-28,463,3
2022-04-29,586,4
2022-04-30,398,5
2022-05-01,449,6
2022-05-02,639,0
2022-05-03,572,1
2022-05-04,669,2
2022-05-05,477,3
2022-05-06,472,4
2022-05-07,705,5
2022-05-08,466,6
2022-05-09,656,0
2022-05-10,521,1
2022-05-11,684,2
2022-05-12,467,3
2022-05-13,561,4
2022-05-14,421,5
2022-05-15,589,6
2022-05-16,646,0
2022-05-17,384,1
2022-05-18,535,2
2022-05-19,634,3
2022-05-20,384,4
2022-05-21,534,5
2022-05-22,510,6
2022-05-23,478,0
2022-05-24,468,1
2022-05-25,476,2
2022-05-26,504,3
2022-05-27,641,4
2022-05-28,525,5
2022-05-29,432,6
2022-05-30,641,0
2022-05-31,558,1
2022-06-01,547,2
2022-06-02,303,3
2022-06-03,347,4
2022-06-04,477,5
2022-06-05,453,6
2022-06-06,438,0
2022-06-07,385,1
2022-06-08,392,2
2022-06-09,453,3
2022-06-10,464,4
2022-06-11,563,5
2022-06-12,396,6
2022-06-13,628,0
2022-06-14,500,1
2022-06-15,488,2
2022-06-16,346,3
2022-06-17,528,4
2022-06-18,486,5
2022-06-19,582,6
2022-06-20,404,0
2022-06-21,605,1
2022-06-22,492,2
2022-06-23,583,3
2022-06-24,618,4
2022-06-25,579,5
2022-06-26,536,6
2022-06-27,522,0
2022-06-28,698,1
2022-06-29,393,2
2022-06-30,498,3
